Team;GP;W;L;OT;P;ROW;HROW;RROW;P%;G/GP;GA/GP;5-5 F/A;PP%;PK%;S/GP;SA/GP;Sc 1%;Tr 1st%;Ld 1%;Ld 2%;OS%;OSB%;FO%
BOSTON;82;54;19;9;117;51;30;21;.713;3.15;2.08;1.53;21.7;83.6;31.9;29.1;.837;.394;.793;.911;.609;.733;51.6
ANAHEIM;82;54;20;8;116;51;28;23;.707;3.21;2.48;1.39;16.0;82.2;31.3;28.7;.738;.575;.813;.930;.633;.759;49.2
COLORADO;82;52;22;8;112;47;23;24;.683;2.99;2.63;1.12;19.8;80.7;29.5;32.7;.822;.405;.818;.921;.500;.761;49.5
ST LOUIS;82;52;23;7;111;43;24;19;.677;2.92;2.29;1.22;19.8;85.7;29.3;26.4;.837;.333;.848;.892;.617;.697;51.9
SAN JOSE;82;51;22;9;111;41;24;17;.677;2.92;2.35;1.17;17.2;84.9;34.8;27.8;.766;.429;.750;.902;.636;.609;52.8
PITTSBURGH;82;51;24;7;109;44;25;19;.665;2.95;2.49;1.05;23.4;85.0;29.9;28.8;.841;.368;.893;.861;.614;.629;51.0
CHICAGO;82;46;21;15;107;40;24;16;.652;3.18;2.58;1.27;19.5;81.4;33.1;27.2;.791;.308;.852;.868;.552;.583;52.0
TAMPA BAY;82;46;27;9;101;38;22;16;.616;2.83;2.55;1.16;18.5;80.7;29.8;29.2;.738;.375;.720;.848;.578;.588;49.2
MONTREAL;82;46;28;8;100;40;23;17;.610;2.55;2.45;0.99;17.2;85.1;28.4;31.0;.822;.243;.821;.921;.607;.520;49.6
LOS ANGELES;82;46;28;8;100;38;20;18;.610;2.42;2.05;1.28;15.1;83.1;31.6;26.2;.692;.333;.767;.900;.528;.680;52.8
NY RANGERS;82;45;31;6;96;41;18;23;.585;2.61;2.32;1.07;18.2;85.3;33.2;29.4;.816;.318;.769;.903;.537;.591;48.8
MINNESOTA;82;43;27;12;98;35;23;12;.598;2.43;2.42;1.15;17.9;78.8;26.6;27.7;.738;.300;.769;.844;.417;.541;50.9
COLUMBUS;82;43;32;7;93;38;22;16;.567;2.76;2.61;1.06;19.3;82.1;29.6;30.8;.680;.281;.733;.829;.529;.522;51.6
PHILADELPHIA;82;42;30;10;94;39;24;15;.573;2.84;2.77;0.96;19.7;84.8;30.4;30.6;.744;.302;.750;.829;.564;.476;50.0
DALLAS;82;40;31;11;91;36;21;15;.555;2.82;2.72;1.04;15.9;81.4;31.7;30.4;.651;.308;.767;.879;.500;.452;50.1
DETROIT;82;39;28;15;93;34;14;20;.567;2.65;2.70;1.03;17.7;83.0;30.0;29.3;.585;.366;.667;.714;.500;.444;50.8
WASHINGTON;82;38;30;14;90;28;15;13;.549;2.74;2.79;0.90;23.4;82.0;29.4;33.5;.667;.250;.640;.857;.500;.431;48.4
NASHVILLE;82;38;32;12;88;36;18;18;.537;2.61;2.84;0.88;19.2;80.2;29.0;28.9;.750;.239;.885;.857;.421;.538;53.1
TORONTO;82;38;36;8;84;29;17;12;.512;2.71;3.07;0.92;19.8;78.4;27.9;35.9;.675;.262;.737;.897;.533;.462;48.3
PHOENIX;82;37;30;15;89;31;19;12;.543;2.56;2.73;1.00;19.9;79.0;30.5;31.0;.630;.222;.719;.697;.289;.605;52.0
OTTAWA;82;37;31;14;88;30;15;15;.537;2.79;3.15;0.95;18.4;80.9;32.8;34.7;.650;.262;.607;.774;.387;.500;51.2
WINNIPEG;82;37;35;10;84;29;13;16;.512;2.67;2.82;0.95;15.4;83.2;30.7;30.1;.600;.340;.750;.760;.426;.471;46.9
VANCOUVER;82;36;35;11;83;31;19;12;.506;2.33;2.63;0.93;15.2;83.2;30.8;28.4;.553;.341;.652;.750;.400;.472;51.4
CAROLINA;82;36;35;11;83;34;17;17;.506;2.50;2.76;0.89;14.6;81.7;31.2;30.9;.719;.260;.800;.815;.474;.390;52.6
NEW JERSEY;82;35;29;18;88;35;21;14;.537;2.40;2.38;0.93;19.5;86.4;26.8;25.5;.682;.132;.667;.759;.467;.364;47.0
CALGARY;82;35;40;7;77;28;14;14;.470;2.46;2.90;0.80;15.7;81.7;26.8;28.6;.697;.245;.750;.786;.324;.535;46.2
NY ISLANDERS;82;34;37;11;79;25;10;15;.482;2.63;3.18;0.83;17.8;78.1;30.9;30.0;.500;.354;.556;.556;.375;.432;47.2
EDMONTON;82;29;44;9;67;25;15;10;.409;2.43;3.26;0.71;17.0;82.1;26.9;32.9;.486;.255;.714;.789;.417;.321;49.0
FLORIDA;82;29;45;8;66;21;11;10;.402;2.29;3.20;0.83;10.0;76.0;29.9;31.1;.567;.231;.750;.938;.389;.318;48.3
BUFFALO;82;21;51;10;52;14;9;5;.317;1.83;2.96;0.59;14.1;81.4;26.3;34.3;.290;.235;.333;.667;.214;.231;46.8
